property,propertyLabel,aliases,dataTypeLabel,constraints,domains,ranges,exampleEntities,relatedProperties,externalIdentifiers,hierarchy,description
http://www.wikidata.org/entity/P102,member of political party,"political party, party, member of, member of party, party membership, political party member",http://wikiba.se/ontology#WikibaseItem,"citation-needed constraint, allowed qualifiers constraint, property scope constraint, allowed-entity-types constraint, none-of constraint, contemporary constraint, subject type constraint, value-type constraint",,,,,,member of,the political party of which a person is or has been a member or otherwise affiliated
http://www.wikidata.org/entity/P108,employer,"organization, organisation, employed by, worked at, worked for, working at, working for, working place, works at, works for, of employer",http://wikiba.se/ontology#WikibaseItem,"conflicts-with constraint, allowed qualifiers constraint, property scope constraint, subject type constraint, value-type constraint, allowed-entity-types constraint, contemporary constraint",,,,,,affiliation,person or organization for which the subject works or worked
http://www.wikidata.org/entity/P112,founded by,"begun by, establisher, instituted by, institutor, creator, founder, created by, established by, co-founder, starter, donated by, cofounder, co-founded by, cofounded by, founders, started by",http://wikiba.se/ontology#WikibaseItem,"value-type constraint, conflicts-with constraint, property scope constraint, allowed-entity-types constraint, item-requires-statement constraint, subject type constraint",,,,,,creator,"founder or co-founder of this organization, religion, place or entity"
http://www.wikidata.org/entity/P118,league or competition,"division, sports league, competition, tournament, cup",http://wikiba.se/ontology#WikibaseItem,"property scope constraint, allowed-entity-types constraint, contemporary constraint, subject type constraint",,,,,,participant in,"league or competition in which team or player has played, or in which an event occurs"
http://www.wikidata.org/entity/P123,publisher,"publishing house, video game publisher, comic book publisher, comic publisher, book publisher, board game publisher, music publisher, software publisher, sheet music publisher, printed music publisher, published by",http://wikiba.se/ontology#WikibaseItem,"none-of constraint, value-type constraint, allowed-entity-types constraint, contemporary constraint, subject type constraint, conflicts-with constraint, property scope constraint",,,,,,,"organization or person responsible for publishing books, periodicals, printed music, podcasts, games or software"
http://www.wikidata.org/entity/P127,owned by,"proprietor, provenance, owner, shareholder, stockholder, belonged to, belongs to, is owned by, owners, shareholders, stockholders",http://wikiba.se/ontology#WikibaseItem,"none-of constraint, contemporary constraint, allowed qualifiers constraint, property scope constraint, allowed-entity-types constraint, value-type constraint, subject type constraint",,,,,,,owner of the subject
http://www.wikidata.org/entity/P131,located in the administrative territorial entity,"town, city, locality, region, administrative territorial entity, state, territory, located in the territorial entity, location (administrative territorial entity), administrative territory, happens in, in, in administrative unit, in the administrative unit, Indian reservation, is in administrative unit, is in the administrative region of, is in the administrative unit, is in the arrondissement of, is in the borough of, is in the city of, is in the commune of, is in the county of, is in the department of, is in the district of, is in the Indian reservation of, is in the Indian reserve of, is in the local government area of, is in the municipality of, is in the parish of, is in the prefecture of, is in the principal area of, is in the province of, is in the region of, is in the rural city of, is in the settlement of, is in the shire of, is in the state of, is in the territory of, is in the town of, is in the village of, is in the voivodeship of, is in the ward of, is located in, located in administrative unit, located in the administrative unit",http://wikiba.se/ontology#WikibaseItem,"none-of constraint, conflicts-with constraint, allowed-entity-types constraint, item-requires-statement constraint, value-requires-statement constraint, allowed qualifiers constraint, property scope constraint, value-type constraint",,,,,,"location, part of",the item is located on the territory of the following administrative entity. Use P276 for specifying locations that are non-administrative places and for items about events. Use P1382 if the item falls only partially into the administrative entity.
http://www.wikidata.org/entity/P136,genre,"music genre, literary genre, film genre, genre of music, genre of literature, art style, genres, kind of music, type of film, artistic genre, type of music",http://wikiba.se/ontology#WikibaseItem,"none-of constraint, conflicts-with constraint, property scope constraint, one-of constraint, subject type constraint, allowed-entity-types constraint, contemporary constraint, value-type constraint",,,,,,,creative work's genre or an artist's field of work (P101). Use main subject (P921) to relate creative works to their topic
http://www.wikidata.org/entity/P137,operator,"manager, administrator, user, managed by, provided by, facility operator, item operator, maintainer, operated by, run by, service operator, webmaster, website operator, service provider, offered by, in use by, controlled by",http://wikiba.se/ontology#WikibaseItem,"none-of constraint, contemporary constraint, property scope constraint, allowed-entity-types constraint, value-type constraint",,,,,,used by,"person, profession, organization or entity that operates the equipment, facility, or service"
http://www.wikidata.org/entity/P140,religion or worldview,"follower of religion, follows religion, has religion, life stance, religion or world view, religious affiliation, believes, devotee of, religion, belief system, faith, worldview, pantheon, denomination",http://wikiba.se/ontology#WikibaseItem,"none-of constraint, property scope constraint, citation-needed constraint, value-type constraint, contemporary constraint, one-of constraint, subject type constraint, allowed-entity-types constraint",,,,,,,"religion of a person, organization or religious building, or associated with this subject"
http://www.wikidata.org/entity/P150,contains the administrative territorial entity,"divided into, contains, contains administrative territorial entity, has shires, has states, has towns, has villages, has wards, includes the administrative territorial entity, subdivided into, divides into, has administrative divisions, has arrondissements, has boroughs, has cities, has counties, has countries, has districts, has local government areas, has members, has municipalities, has regions, has rural cities",http://wikiba.se/ontology#WikibaseItem,"subject type constraint, property scope constraint, allowed-entity-types constraint, value-type constraint, allowed qualifiers constraint, contemporary constraint, item-requires-statement constraint",,,,,,has part(s),(list of) direct subdivisions of an administrative territorial entity
http://www.wikidata.org/entity/P155,follows,"split from, predecessor, preceded by, succeeds, before was, comes after, is after, prequel is, prev, previous element, previous is, sequel of, succeeds to, successor to",http://wikiba.se/ontology#WikibaseItem,"allowed-entity-types constraint, conflicts-with constraint, property scope constraint, inverse constraint, none-of constraint",,,,,,,"immediately prior item in a series of which the subject is a part, preferably use as qualifier of P179 [if the subject has replaced the preceding item, e.g. political offices, use ""replaces"" (P1365)]"
http://www.wikidata.org/entity/P156,followed by,"prequel of, sequel is, then, succeeded by, successor, comes before, continued as, next, next element, next is, precedes",http://wikiba.se/ontology#WikibaseItem,"property scope constraint, conflicts-with constraint, none-of constraint, inverse constraint, allowed-entity-types constraint",,,,,,,"immediately following item in a series of which the subject is a part, preferably use as qualifier of P179 [if the subject has been replaced, e.g. political offices, use ""replaced by"" (P1366)]"
http://www.wikidata.org/entity/P159,headquarters location,"seat, HQ, based in, headquarters, garrison, admin HQ, head office location, head quarters, HQ location, location of headquarters, principal office, headquarters city, headquarters locality, headquarters town",http://wikiba.se/ontology#WikibaseItem,"property scope constraint, subject type constraint, contemporary constraint, value-type constraint, allowed-entity-types constraint, allowed qualifiers constraint",,,,,,significant place,city or town where an organization's headquarters is or has been situated. Use P276 qualifier for specific building
http://www.wikidata.org/entity/P161,cast member,"actor, actress, feat., contestant of a play, film starring, starring, starring (film/play)",http://wikiba.se/ontology#WikibaseItem,"property scope constraint, allowed qualifiers constraint, conflicts-with constraint, subject type constraint, value-type constraint, allowed-entity-types constraint, value-requires-statement constraint",,,,,,"performer, significant person","actor in the subject production [use ""character role"" (P453) and/or ""name of the character role"" (P4633) as qualifiers] [use ""voice actor"" (P725) for voice-only role] - [use ""recorded participant"" (P11108) for non-fiction productions]"
http://www.wikidata.org/entity/P162,producer,"musical producer, film producer, record producer, music producer, produced by, creative producer",http://wikiba.se/ontology#WikibaseItem,"conflicts-with constraint, allowed-entity-types constraint, subject type constraint, value-type constraint, property scope constraint",,,,,,,"person(s) who produced the film, musical work, theatrical production, etc. (for film, this does not include executive producers, associate producers, etc.) [for production company, use P272, video games - use P178]"
http://www.wikidata.org/entity/P166,award received,"award won, awarded, awards received, honorary title, honors, honours, medals, prize awarded, prize received, recognition title, win, winner of, award, awards, received award",http://wikiba.se/ontology#WikibaseItem,"none-of constraint, item-requires-statement constraint, allowed-entity-types constraint, allowed qualifiers constraint, property scope constraint, value-type constraint, citation-needed constraint, conflicts-with constraint",,,,,,,"award or recognition received by a person, organization or creative work"
http://www.wikidata.org/entity/P17,country,"state, land, host country, sovereign state",http://wikiba.se/ontology#WikibaseItem,"none-of constraint, conflicts-with constraint, property scope constraint, value-type constraint, value-requires-statement constraint, allowed qualifiers constraint, allowed-entity-types constraint",,,,,,located in the administrative territorial entity,sovereign state that this item is in (not to be used for human beings)
http://www.wikidata.org/entity/P170,creator,"painter, sculptor, visual artist, painted by, realised by, realized by, sculpted by, original author, created by, by, drawer, made by, artwork by, art by, art work by, artist (non-musical), drawn by",http://wikiba.se/ontology#WikibaseItem,"conflicts-with constraint, none-of constraint, allowed qualifiers constraint, property scope constraint, allowed-entity-types constraint, subject type constraint, value-type constraint",,,,,,,maker of this creative work or other object (where no more specific property exists)
http://www.wikidata.org/entity/P171,parent taxon,"higher taxon, taxon parent",http://wikiba.se/ontology#WikibaseItem,"item-requires-statement constraint, subject type constraint, allowed-entity-types constraint, property scope constraint",,,,,,subclass of,closest parent taxon of the taxon in question
http://www.wikidata.org/entity/P172,ethnic group,"people, race, ethnicity, culture, (cultural) nationality, ethnic or cultural origin, tribal affiliation",http://wikiba.se/ontology#WikibaseItem,"citation-needed constraint, item-requires-statement constraint, conflicts-with constraint, allowed-entity-types constraint, value-type constraint, property scope constraint, subject type constraint",,,,,,,"subject's ethnicity (consensus is that a VERY high standard of proof is needed for this field to be used. In general this means 1) the subject claims it themselves, or 2) it is widely agreed on by scholars, or 3) is fictional and portrayed as such)"
http://www.wikidata.org/entity/P175,performer,"singer, actor, actress, artist, musician, dancer, musical artist, performed by, played by, portrayed by, recorded by, recording by, sung by",http://wikiba.se/ontology#WikibaseItem,"conflicts-with constraint, property scope constraint, none-of constraint, allowed-entity-types constraint, allowed qualifiers constraint, subject type constraint, value-type constraint",,,,,,contributor to the creative work or subject,"actor, musician, band or other performer associated with this role or musical work"
http://www.wikidata.org/entity/P176,manufacturer,"maker, built by, mfr, assembled by, manufactured by, product of, brewer, producer, builder, assembler, made by, produced by, provided by, provider, brewed by",http://wikiba.se/ontology#WikibaseItem,"value-type constraint, conflicts-with constraint, contemporary constraint, subject type constraint, allowed-entity-types constraint, property scope constraint",,,,,,,(main or final) manufacturer or producer of this product
http://www.wikidata.org/entity/P178,developer,"video game developer, created by, dev, developed by, game dev, game developer, video game dev, written by",http://wikiba.se/ontology#WikibaseItem,"contemporary constraint, property scope constraint, subject type constraint, allowed-entity-types constraint, value-type constraint",,,,,,creator,organization or person that developed the item
http://www.wikidata.org/entity/P179,part of the series,"video game series, collection, series, subseries, in series, episode of, issue of, listed in, part of series",http://wikiba.se/ontology#WikibaseItem,"allowed qualifiers constraint, conflicts-with constraint, none-of constraint, subject type constraint, allowed-entity-types constraint, property scope constraint, value-type constraint",,,,,,part of,series which contains the subject
http://www.wikidata.org/entity/P19,place of birth,"birth location, birth place, birthplace, location of birth, POB, birth city, born, born at, born in, location born",http://wikiba.se/ontology#WikibaseItem,"subject type constraint, conflicts-with constraint, item-requires-statement constraint, value-type constraint, property scope constraint, single-best-value constraint, value-requires-statement constraint, contemporary constraint, allowed-entity-types constraint, citation-needed constraint, allowed qualifiers constraint",,,,,,location,"most specific known birth location of a person, animal or fictional character"
http://www.wikidata.org/entity/P190,twinned administrative body,"twin town, partner city, partner town, sister city, sister town, twin cities, twin city",http://wikiba.se/ontology#WikibaseItem,"symmetric constraint, property scope constraint, allowed-entity-types constraint, allowed qualifiers constraint, value-type constraint, subject type constraint",,,,,,,"twin towns, sister cities, twinned municipalities and other localities that have a partnership or cooperative agreement, either legally or informally acknowledged by their governments"
http://www.wikidata.org/entity/P194,legislative body,"District, parliament, Zila, local government area, assembly, district council, diet, city council, LGA, council, Tehsil, Jila, municipal council, rural council, aboriginal council, indigenous council, representative body",http://wikiba.se/ontology#WikibaseItem,"allowed-entity-types constraint, property scope constraint, value-type constraint, single-value constraint, subject type constraint, distinct-values constraint",,,,,,,"legislative body governing this entity; political institution with elected representatives, such as a parliament/legislature or council"
http://www.wikidata.org/entity/P20,place of death,"POD, died, deathplace, location of death, death location, death place, died in, killed in",http://wikiba.se/ontology#WikibaseItem,"item-requires-statement constraint, subject type constraint, property scope constraint, allowed qualifiers constraint, allowed-entity-types constraint, single-best-value constraint, contemporary constraint, value-type constraint, citation-needed constraint",,,,,,location,"most specific known (e.g. city instead of country, or hospital instead of city) death location of a person, animal or fictional character"
http://www.wikidata.org/entity/P205,basin country,basin countries,http://wikiba.se/ontology#WikibaseItem,"allowed-entity-types constraint, value-type constraint, subject type constraint, property scope constraint",,,,,,,country that have drainage to/from or border the body of water
http://www.wikidata.org/entity/P206,located in or next to body of water,"on shore of, on the coast of, on the shore of, water next to the subject, lake, bay, body of water, sea, adjacent water body, along river, borders body of water, in body of water, loc (water), located in water, located next to body of water, located on body of water, located on water, next to lake, ocean, on bay, on coast of, on harbour, on lake, on river",http://wikiba.se/ontology#WikibaseItem,"subject type constraint, allowed-entity-types constraint, value-type constraint, property scope constraint",,,,,,location,body of water on or next to which a place is located
http://www.wikidata.org/entity/P22,father,"child of, dad, daddy, daughter of, has father, is child of, is daughter of, is son of, parent, son of",http://wikiba.se/ontology#WikibaseItem,"allowed-entity-types constraint, item-requires-statement constraint, property scope constraint, value-type constraint, conflicts-with constraint, inverse constraint, single-best-value constraint, allowed qualifiers constraint, subject type constraint, value-requires-statement constraint, contemporary constraint",,,,,,parent,"male parent of the subject. For stepfather, use ""stepparent"" (P3448)"
http://www.wikidata.org/entity/P241,military branch,"formation, branch, service branch, unit branch",http://wikiba.se/ontology#WikibaseItem,"allowed qualifiers constraint, property scope constraint, none-of constraint, allowed-entity-types constraint, contemporary constraint, single-value constraint, value-type constraint, subject type constraint",,,,,,part of,"branch to which this military unit, award, office, or person belongs, e.g. Royal Navy"
http://www.wikidata.org/entity/P25,mother,"mom, mommy, mum, mummy, child of, daughter of, is child of, is daughter of, is son of, parent, son of, mam, has mother",http://wikiba.se/ontology#WikibaseItem,"subject type constraint, inverse constraint, value-type constraint, item-requires-statement constraint, contemporary constraint, allowed qualifiers constraint, allowed-entity-types constraint, single-best-value constraint, property scope constraint, conflicts-with constraint",,,,,,parent,"female parent of the subject. For stepmother, use ""stepparent"" (P3448)"
http://www.wikidata.org/entity/P26,spouse,"husband, husbands, marital partner, marriage partner, married, marry, spouses, wed, wedded to, wife, wives, partner, married partner, married to, common-law spouse, common-law wife, common-law husband",http://wikiba.se/ontology#WikibaseItem,"allowed-entity-types constraint, none-of constraint, item-requires-statement constraint, contemporary constraint, symmetric constraint, property scope constraint, subject type constraint, citation-needed constraint, conflicts-with constraint, allowed qualifiers constraint",,,,,,"relative, significant person","the subject has the object as their spouse (husband, wife, partner, etc.). Use ""unmarried partner"" (P451) for non-married companions"
http://www.wikidata.org/entity/P27,country of citizenship,"(legal) nationality, citizen of, nation of citizenship, national of, subject of (country), nation, country, nationality, citizenship",http://wikiba.se/ontology#WikibaseItem,"none-of constraint, allowed qualifiers constraint, conflicts-with constraint, contemporary constraint, subject type constraint, allowed-entity-types constraint, value-requires-statement constraint, value-type constraint, property scope constraint",,,,,,country,the object is a country that recognizes the subject as its citizen
http://www.wikidata.org/entity/P30,continent,,http://wikiba.se/ontology#WikibaseItem,"single-best-value constraint, allowed-entity-types constraint, value-type constraint, one-of constraint, subject type constraint, allowed qualifiers constraint, property scope constraint, conflicts-with constraint",,,,,,located in/on physical feature,continent of which the subject is a part
http://www.wikidata.org/entity/P31,instance of,"has type, is of type, item of type, example of, is an, unique individual of, unitary element of class, type, is a",http://wikiba.se/ontology#WikibaseItem,"none-of constraint, allowed qualifiers constraint, one-of constraint, value-requires-statement constraint, property scope constraint, allowed-entity-types constraint, contemporary constraint",,,,http://www.wikidata.org/reference/6e76f7beb8a37a5ea361a76abcb4788b34bbe8c8,,,"type to which this subject corresponds/belongs. Different from P279 (subclass of); for example: K2 is an instance of mountain; volcanoes form a subclass of mountains, and the volcano is a type (instance) of volcanic landform"
http://www.wikidata.org/entity/P35,head of state,"state headed by, chief of state, leader, president, emperor, queen, monarch, king, governor",http://wikiba.se/ontology#WikibaseItem,"contemporary constraint, allowed qualifiers constraint, single-best-value constraint, required qualifier constraint, subject type constraint, property scope constraint, allowed-entity-types constraint, value-requires-statement constraint, value-type constraint",,,,,,"chairperson, director / manager",official with the highest formal authority in a country/state
http://www.wikidata.org/entity/P36,capital,"seat, chef-lieu, seat of government, administrative seat, county town, county seat, administrative capital, administrative center, administrative centre, administrative headquarters, capital city, capital town, court residence, government capital, government seat, has capital, location of capital, principal place",http://wikiba.se/ontology#WikibaseItem,"allowed-entity-types constraint, inverse constraint, allowed qualifiers constraint, value-type constraint, subject type constraint, contemporary constraint, property scope constraint, single-value constraint",,,,,,,"seat of government of a country, province, state or other type of administrative territorial entity"
http://www.wikidata.org/entity/P37,official language,"speaking, language official, language spoken, spoken in",http://wikiba.se/ontology#WikibaseItem,"allowed-entity-types constraint, allowed qualifiers constraint, property scope constraint, value-type constraint, subject type constraint",,,,,,language used,language designated as official by this item
http://www.wikidata.org/entity/P39,position held,"function, held position, holds position, job, office held, political office held, political seat, position occupied, public office",http://wikiba.se/ontology#WikibaseItem,"none-of constraint, value-type constraint, required qualifier constraint, contemporary constraint, subject type constraint, property scope constraint, conflicts-with constraint, allowed-entity-types constraint, allowed qualifiers constraint",,,,,,,subject currently or formerly holds the object position or public office
http://www.wikidata.org/entity/P40,child,"son, descendants, has child, has children, has daughter, has daughters, has kid, has kids, has son, has sons, kid, kids, parent of, progeny, issue, children, daughter, daughters, offspring, sons, father of, mother of",http://wikiba.se/ontology#WikibaseItem,"none-of constraint, contemporary constraint, subject type constraint, allowed-entity-types constraint, allowed qualifiers constraint, value-type constraint, conflicts-with constraint, value-requires-statement constraint, property scope constraint, item-requires-statement constraint",,,,,,"relative, significant person","subject has object as child. Do not use for stepchildren—use ""relative"" (P1038), qualified with ""type of kinship"" (P1039)"
http://www.wikidata.org/entity/P50,author,"maker, writer, poet, playwright, creator, written by, co-author",http://wikiba.se/ontology#WikibaseItem,"none-of constraint, conflicts-with constraint, property scope constraint, value-type constraint, allowed qualifiers constraint, allowed-entity-types constraint, subject type constraint",,,,,,creator,"main creator(s) of a written work (use on works, not humans); use P2093 (author name string) when Wikidata item is unknown or does not exist"
http://www.wikidata.org/entity/P54,member of sports team,"club played for, member of team, of team, part of team, played for, plays for, team played for, teams played for, sport team, team, player of",http://wikiba.se/ontology#WikibaseItem,"allowed-entity-types constraint, value-type constraint, contemporary constraint, subject type constraint, conflicts-with constraint, allowed qualifiers constraint, property scope constraint",,,,,,member of,sports teams or clubs that the subject represents or represented
http://www.wikidata.org/entity/P57,director,"directed by, game director, film director, movie director",http://wikiba.se/ontology#WikibaseItem,"allowed qualifiers constraint, value-requires-statement constraint, property scope constraint, allowed-entity-types constraint, subject type constraint, value-type constraint, conflicts-with constraint",,,,,,"creator, contributor to the creative work or subject","director(s) of film, TV-series, stageplay, video game or similar"
http://www.wikidata.org/entity/P58,screenwriter,"scriptwriter, video game writer, game writer, written by, scenarist, film script by, screenplay by, story by, teleplay by, writer (of screenplays), writing credits",http://wikiba.se/ontology#WikibaseItem,"property scope constraint, conflicts-with constraint, subject type constraint, allowed-entity-types constraint, value-requires-statement constraint, allowed qualifiers constraint, value-type constraint",,,,,,"author, film crew member",person(s) who wrote the script for subject item
http://www.wikidata.org/entity/P6,head of government,"executive power headed by, government headed by, head of national government, president, chancellor, mayor, governor, prime minister, premier, first minister",http://wikiba.se/ontology#WikibaseItem,"allowed qualifiers constraint, single-best-value constraint, subject type constraint, value-requires-statement constraint, property scope constraint, allowed-entity-types constraint, required qualifier constraint, value-type constraint, contemporary constraint",,,,,,"chairperson, director / manager","head of the executive power of this town, city, municipality, state, country, or other governmental body"
http://www.wikidata.org/entity/P69,educated at,"went to school at, faculty, education, student of, alma mater, attended, student at, University attended, alumna of, alumni of, alumnus of, attended school at, college attended, education place, graduate of, graduated from, place of education, school attended, schooled at, schooling place, studied at",http://wikiba.se/ontology#WikibaseItem,"conflicts-with constraint, value-type constraint, allowed qualifiers constraint, subject type constraint, property scope constraint, allowed-entity-types constraint, contemporary constraint",,,,,,affiliation,educational institution attended by subject
http://www.wikidata.org/entity/P86,composer,"composed by, film score by, music by, musical score by, songwriter, written by",http://wikiba.se/ontology#WikibaseItem,"conflicts-with constraint, value-requires-statement constraint, allowed-entity-types constraint, property scope constraint, subject type constraint, value-type constraint",,,,,,creator,"person(s) who wrote the music [for lyricist, use ""lyrics by"" (P676)]"
http://www.wikidata.org/entity/P1001,applies to jurisdiction,"applies to place, of, jurisdiction, applicable area, applicable country, applicable geographic place, applicable jurisdiction, applicable location, applicable place, applicable territorial jurisdiction, applied to jurisdiction, applies to area, applies to geographic area, applies to geographic place, applies to region, applies to territorial jurisdiction, belongs to jurisdiction, country of jurisdiction, of jurisdiction, valid in jurisdiction, jurisdiction linked, Of country, of location, of place, of region",http://wikiba.se/ontology#WikibaseItem,"subject type constraint, allowed-entity-types constraint, conflicts-with constraint, contemporary constraint, property scope constraint, value-type constraint",,,,,,"operating area, significant place, characteristic of","the item (institution, law, public office, public register, etc) or statement belongs to or has power over or applies to the value (a territorial jurisdiction: a country, state, municipality, etc)"
http://www.wikidata.org/entity/P1056,product or material produced,"output, product, commodity, manufactures, produces, producer of, service provided, provides service, product or service provided, product, material, or service produced or provided, creates, has product, maker of, makes, manufacturer of, material produced, produced material, produced product, products, results in, they make, work produced",http://wikiba.se/ontology#WikibaseItem,"conflicts-with constraint, allowed-entity-types constraint, property scope constraint, value-type constraint, subject type constraint",,,,,,immediate cause of,"material or product produced by an organization, industry, facility, or process"
http://www.wikidata.org/entity/P1198,unemployment rate,,http://wikiba.se/ontology#Quantity,"range constraint, property scope constraint, subject type constraint, citation-needed constraint, allowed-entity-types constraint, single-value constraint, allowed units constraint",,,,,,,portion of a workforce population that is not employed
http://www.wikidata.org/entity/P1336,territory claimed by,"claimed by, sovereignty claimed by, territorial claim by",http://wikiba.se/ontology#WikibaseItem,"item-requires-statement constraint, value-type constraint, subject type constraint",,,,,,,administrative divisions that claim control of a given area
http://www.wikidata.org/entity/P1344,participant in,"attended, competed in, competes in, participant of, participant of event, participated in, present at, takes part, took part, took part in",http://wikiba.se/ontology#WikibaseItem,"contemporary constraint, allowed qualifiers constraint, subject type constraint, value-type constraint, property scope constraint, conflicts-with constraint, allowed-entity-types constraint",,,,,,"part of, significant event",event in which a person or organization was/is a participant; inverse of P710 or P1923
http://www.wikidata.org/entity/P1365,replaces,"continues, continues from, deprecates, forefather, preceded by, previous job holder, replaced, succeeds, supersedes, absorbed, absorbs",http://wikiba.se/ontology#WikibaseItem,"none-of constraint, inverse constraint, allowed-entity-types constraint, property scope constraint, conflicts-with constraint",,,,,,follows,"person, state or item replaced. Use ""structure replaces"" (P1398) for structures. Use ""follows"" (P155) if the previous item was not replaced or predecessor and successor are identical"
http://www.wikidata.org/entity/P1366,replaced by,"continued by, heir, mediatised to, next job holder, succeeded by, successor, superseded by, becomes",http://wikiba.se/ontology#WikibaseItem,"none-of constraint, inverse constraint, allowed qualifiers constraint, conflicts-with constraint, allowed-entity-types constraint, property scope constraint",,,,,,followed by,"other person or item which continues the item by replacing it in its role. Use P156 (""followed by"") if the item is not replaced nor identical, but adds to the series (e.g. books in a series)."
http://www.wikidata.org/entity/P1376,capital of,"state capital, capital, national capital, administrative seat of, county seat for, county seat of, is capital of, parish seat of, seat of, national capital of, provincial capital of, state capital of",http://wikiba.se/ontology#WikibaseItem,"contemporary constraint, inverse constraint, item-requires-statement constraint, allowed-entity-types constraint, value-type constraint, property scope constraint, conflicts-with constraint",,,,,,located in the administrative territorial entity,"country, state, department, canton or other administrative division of which the municipality is the governmental seat"
http://www.wikidata.org/entity/P1412,"languages spoken, written or signed","used language, language used, uses language, language spoken, language written, language of expression, language read, language signed, language(s) spoken, written or signed, languages of expression, languages signed, languages spoken, languages spoken, written, or signed, signed language, signs language, speaks language, spoke language, writes language, wrote language, language",http://wikiba.se/ontology#WikibaseItem,"conflicts-with constraint, one-of constraint, allowed qualifiers constraint, subject type constraint, value-type constraint, property scope constraint, none-of constraint, allowed-entity-types constraint",,,,,,,"language(s) that a person or a people speaks, writes or signs, including the native language(s)"
http://www.wikidata.org/entity/P1441,present in work,"character in, from narrative, appeared in, appears in, appears in work, featured in work, from work, in narrative, in work, is shown in",http://wikiba.se/ontology#WikibaseItem,"none-of constraint, conflicts-with constraint, subject type constraint, value-type constraint, property scope constraint, allowed-entity-types constraint",,,,,,,"this (fictional or fictionalized) entity, place, or person appears in that work as part of the narration (use P2860 for works citing other works, P361/P1433 for works being part of other works, P1343 for entities described in non-fictional accounts)"
http://www.wikidata.org/entity/P264,record label,"label, labels",http://wikiba.se/ontology#WikibaseItem,"conflicts-with constraint, none-of constraint, allowed-entity-types constraint, contemporary constraint, item-requires-statement constraint, property scope constraint, subject type constraint, value-type constraint",,,,,,,brand and trademark associated with the marketing of subject music recordings and music videos
http://www.wikidata.org/entity/P272,production company,"film studio, theatre company, ballet company, theatrical troupe, theater company, studio, motion picture studio, movie studio, broadcasting company, produced by (company), producer (company), production house",http://wikiba.se/ontology#WikibaseItem,"conflicts-with constraint, allowed-entity-types constraint, subject type constraint, value-type constraint, property scope constraint",,,,,,,"company that produced this film, audio or performing arts work"
http://www.wikidata.org/entity/P276,location,"place held, whereabouts, held by, vilage, town, city, neighborhood, locality, region, venue, place, based in, in, from, suburb, neighbourhood, locale, is in, located, located in, location of item, moveable object location",http://wikiba.se/ontology#WikibaseItem,"allowed qualifiers constraint, none-of constraint, conflicts-with constraint, property scope constraint, allowed-entity-types constraint, value-type constraint",,,,,,,"location of the object, structure or event. In the case of an administrative entity as containing item use P131. For statistical entities use P8138. In the case of a geographic entity use P706. Use P7153 for locations associated with the object"
http://www.wikidata.org/entity/P279,subclass of,"all members of this class also belong to, category of, form of, has superclass, is a class of, is a type of, is necessarily also a, is thereby also a, rdfs:subClassOf, subcategory of, subtype of, type of, way of, whose instances are a subset of those of, whose instances are among, kind of, sort of, sc (abbreviation), variant of, subgenre of",http://wikiba.se/ontology#WikibaseItem,"none-of constraint, conflicts-with constraint, allowed-entity-types constraint, contemporary constraint, value-requires-statement constraint, property scope constraint",,,,,,,"this item is a subclass (subset) of that item; ALL instances of this item are instances of that item; different from P31 (instance of), e.g.: volcano is a subclass of mountain (and an instance of volcanic landform); Everest is an instance of mountain"
http://www.wikidata.org/entity/P3373,sibling,"sister, brother of, sister of, has brother, has sibling, has sister, is brother of, is sibling of, is sister of, is the brother of, is the sibling of, is the sister of, sibling of, sis, sister or brother, sisters and brothers, twin, brothers, siblings, sisters, brother or sister, brothers and sisters, brother, sib, half-brother, half-sibling, half-sister, bro",http://wikiba.se/ontology#WikibaseItem,"symmetric constraint, subject type constraint, allowed qualifiers constraint, allowed-entity-types constraint, property scope constraint, value-type constraint, item-requires-statement constraint",,,,,,relative,"the subject and the object have at least one common parent (brother, sister, etc. including half-siblings); use ""relative"" (P1038) for siblings-in-law (brother-in-law, sister-in-law, etc.) and step-siblings (step-brothers, step-sisters, etc.)"
http://www.wikidata.org/entity/P355,has subsidiary,"subordinate unit, subsidiary, subsidiary body, subsidiary company, subsidiary entities, subsidiary organization, imprint, daughter company, daughter organization, has imprint, owns, parent company of, subordinate body",http://wikiba.se/ontology#WikibaseItem,"value-type constraint, subject type constraint, property scope constraint, contemporary constraint, allowed-entity-types constraint, inverse constraint",,,,,,"has part(s), owner of","subsidiary of a company or organization; generally a fully owned separate corporation. Compare with ""business division"" (P199). Opposite of parent organization (P749)."
http://www.wikidata.org/entity/P361,part of,"in, chain, of, assembly of, branch of, collateral branch of, component of, element of, is part of, meronym of, part of-property, section of, subassembly of, subgroup of, subsystem of, system of, contained in, contained within, within",http://wikiba.se/ontology#WikibaseItem,"conflicts-with constraint, allowed-entity-types constraint, none-of constraint, property scope constraint",,,,,,,"object of which the subject is a part (if this subject is already part of object A which is a part of object B, then please only make the subject part of object A), inverse property of ""has part"" (P527, see also ""has parts of the class"" (P2670))"
http://www.wikidata.org/entity/P364,original language of film or TV show,"original language, created on language, language of the original work, media language",http://wikiba.se/ontology#WikibaseItem,"one-of constraint, conflicts-with constraint, property scope constraint, subject type constraint, allowed-entity-types constraint, value-type constraint",,,,,,language of work or name,"language in which a film or a performance work was originally created. Deprecated for written works and songs; use P407 (""language of work or name"") instead."
http://www.wikidata.org/entity/P400,platform,"platforms, environment, game platform, hardware, computing platform, runtime, published on",http://wikiba.se/ontology#WikibaseItem,"none-of constraint, subject type constraint, conflicts-with constraint, allowed-entity-types constraint, property scope constraint, value-type constraint",,,,,,,"platform for which a work was developed or released, or the specific platform version of a software product"
http://www.wikidata.org/entity/P403,mouth of the watercourse,"flows into, watercourse drain, watercourse ends in, watercourse outflow, tributary of, outflow, drain, outlet, river mouth",http://wikiba.se/ontology#WikibaseItem,"subject type constraint, allowed qualifiers constraint, allowed-entity-types constraint, property scope constraint, value-type constraint, single-best-value constraint",,,,,,,the body of water to which the watercourse drains
http://www.wikidata.org/entity/P449,original broadcaster,"television channel, radio station, TV channel, channel, radio network, network, aired on, airs on, broadcast on, first air channel, original air channel, original channel, original network",http://wikiba.se/ontology#WikibaseItem,"property scope constraint, subject type constraint, conflicts-with constraint, value-type constraint, allowed-entity-types constraint",,,,,,broadcast by,network(s) or service(s) that originally broadcast a radio or television program
http://www.wikidata.org/entity/P463,member of,"band member of, in musical group, member of musical group, membership, of organization",http://wikiba.se/ontology#WikibaseItem,"subject type constraint, allowed-entity-types constraint, value-type constraint, property scope constraint, contemporary constraint, allowed qualifiers constraint",,,,,,part of,"organization, club or musical group to which the subject belongs. Do not use for membership in ethnic or social groups, nor for holding a political position, such as a member of parliament (use P39 for that)"
http://www.wikidata.org/entity/P488,chairperson,"chair, leader, president, chairman, chairwoman, dean, headed by",http://wikiba.se/ontology#WikibaseItem,"value-requires-statement constraint, required qualifier constraint, contemporary constraint, value-type constraint, citation-needed constraint, subject type constraint, property scope constraint, allowed-entity-types constraint",,,,,,"director / manager, significant person","presiding member of an organization, group or body"
http://www.wikidata.org/entity/P495,country of origin,"comes from, originates from, country, place of origin, CoO, origin country",http://wikiba.se/ontology#WikibaseItem,"allowed-entity-types constraint, property scope constraint, conflicts-with constraint, contemporary constraint, value-type constraint, subject type constraint",,,,,,"country, significant place","country of origin of this item (creative work, food, phrase, product, etc.)"
http://www.wikidata.org/entity/P527,has part(s),"has branch, has component, has ingredients, has part or parts, has parts, have part, holonym of, includes, includes part, incorporates, parts, set of, comprised of, has part, has member, contains, has ingredient, contain, formed from, formed out of, ingredients, amalgamation of, assembled from, assembled out of, composed of, consists of, created from, created out of, divided by, had part, has as part, made up of",http://wikiba.se/ontology#WikibaseItem,"none-of constraint, allowed qualifiers constraint, conflicts-with constraint, allowed-entity-types constraint, property scope constraint",,,,,,,"part of this subject; inverse property of ""part of"" (P361). See also ""has parts of the class"" (P2670)."
http://www.wikidata.org/entity/P551,residence,"lives in, address, has resided in, home town, hometown, lived in, place of residence, resided at, resided in, resident in, resident of, home city, living in, residing in",http://wikiba.se/ontology#WikibaseItem,"allowed qualifiers constraint, allowed-entity-types constraint, value-type constraint, citation-needed constraint, contemporary constraint, subject type constraint, property scope constraint",,,,,,location,"the place where the person is or has been, resident"
http://www.wikidata.org/entity/P569,date of birth,"born, DOB, birth date, birth year, birthdate, birthyear, born on, year of birth",http://wikiba.se/ontology#Time,"subject type constraint, allowed qualifiers constraint, conflicts-with constraint, citation-needed constraint, property scope constraint, item-requires-statement constraint, range constraint, allowed-entity-types constraint, single-best-value constraint",,,,,,inception,date on which the subject was born
http://www.wikidata.org/entity/P570,date of death,"DOD, died, dead, death, death date, died on, year of death, date of the end, deathdate",http://wikiba.se/ontology#Time,"citation-needed constraint, conflicts-with constraint, single-best-value constraint, difference-within-range constraint, allowed qualifiers constraint, range constraint, subject type constraint, property scope constraint, allowed-entity-types constraint, item-requires-statement constraint",,,,,,"dissolved, abolished or demolished date, end time",date on which the subject died
http://www.wikidata.org/entity/P571,inception,"broke ground, built, commenced on date, commencement date, composed, constructed, construction date, created in, created in year, created on, created on date, creation date, creation year, date commenced, date constructed, date created, date first created, date formed, date founded, date of commencement, date of creation, date of foundation, date of foundation or creation, date of inception, date of origin, day of inception, dedication date, established on date, first created on, formation date, formed at, formed in year, formed on, formed on date, foundation / creation date, foundation date, founded, founded on, founded on date, inception date, initiated, instantiation date, made in year, made on, time of foundation or creation, time of inception, written on date, year commenced, year created, year established, year founded, year of creation, year of inception, year written, foundation, formation, introduction, formed in, founded in, established, date of establishment, date of founding, establishment date, founding date, introduced, start date, created, first issue, completed, launch date, starting date, installated in, installated on, installation date, initial release date",http://wikiba.se/ontology#Time,"conflicts-with constraint, single-best-value constraint, allowed qualifiers constraint, allowed-entity-types constraint, property scope constraint",,,,,,start time,time when an entity begins to exist; for date of official opening use P1619
http://www.wikidata.org/entity/P576,"dissolved, abolished or demolished date","dissolved, end date, defunct, ended, ceased date, date of demolition, date of dissolution, closed on, closure date, folded, abolished, abolishment date, ceased on, ceased publication, ceased to exist, cessation date, date disbanded, date disestablished, date dissolved, date of cessation, date of termination, defunct date, demise date, demolished, demolition date, destroyed in, disbanded, disbanded on, disestablished, dissolution date, dissolved on date, dissolved or abolished, dissolved, abolished, or demolished, final issue, final year, last issue, publication end date, publication terminal date, razed in, terminal date, terminal issue, terminated on, termination date, time abolished, time dissolved, time of abolishment, time of dissolution, wound up on date, date repealed, repealed date",http://wikiba.se/ontology#Time,"property scope constraint, difference-within-range constraint, subject type constraint, allowed-entity-types constraint, single-best-value constraint",,,,,,end time,"point in time at which the subject (organisation, building) ceased to exist;  see ""date of official closure"" (P3999) for closing a facility, ""service retirement"" (P730) for retiring equipment,  ""discontinued date"" (P2669) for stopping a product"
http://www.wikidata.org/entity/P577,publication date,"was published in, year of publication, initial release, released in, date released, released, release date, launch date, launched, date of publication, air date, airdate, be published during, be published in, broadcast date, date of first publication, date of release, date published, first publication, first published, first released, pubdate, publication time, time of publication, was published during, publication, dop, published, issued, drop date",http://wikiba.se/ontology#Time,"allowed qualifiers constraint, property scope constraint, subject type constraint, conflicts-with constraint, allowed-entity-types constraint, range constraint",,,,,,point in time,date or point in time when a work was first published or released
http://www.wikidata.org/entity/P580,start time,"introduction, from, effective, validity, began, beginning, building date, from date, from time, introduced, join date, join time, joined, since, start date, started in, starting, starttime, valid, effectivity",http://wikiba.se/ontology#Time,"conflicts-with constraint, single-best-value constraint, allowed-entity-types constraint, property scope constraint",,,,,,point in time,time an entity begins to exist or a statement starts being valid
http://www.wikidata.org/entity/P582,end time,"cease date, cease operation, cease time, closed, completed in, dissolved, divorced, end date, enddate, ends, endtime, fall date, left office, stop time, till, until, discontinued, ineffective, abolished, to, invalid, ending, invalidity, ineffectivity",http://wikiba.se/ontology#Time,"conflicts-with constraint, item-requires-statement constraint, property scope constraint, allowed qualifiers constraint, allowed-entity-types constraint, difference-within-range constraint, single-best-value constraint",,,,,,point in time,moment when an entity ceases to exist and a statement stops being entirely valid or no longer be true
http://www.wikidata.org/entity/P585,point in time,"year, date, time, on, when, during, as of, at time, by date, occurred on, time of event, point time",http://wikiba.se/ontology#Time,"property scope constraint, allowed-entity-types constraint, conflicts-with constraint, single-value constraint",,,,,,,"date something took place, existed or a statement was true; for providing time use the ""refine date"" property (P4241)"
http://www.wikidata.org/entity/P607,conflict,"in action, in conflict, participant in conflict, participated in conflict, theater (military), theatre (military), battle, war, military conflict, military engagement, engagement",http://wikiba.se/ontology#WikibaseItem,"allowed-entity-types constraint, value-type constraint, conflicts-with constraint, contemporary constraint, one-of constraint, property scope constraint, subject type constraint",,,,,,participant in,"battles, wars or other military engagements in which the person or item participated"
http://www.wikidata.org/entity/P674,characters,appears in this work,http://wikiba.se/ontology#WikibaseItem,"conflicts-with constraint, allowed-entity-types constraint, value-type constraint, subject type constraint, allowed qualifiers constraint, property scope constraint, inverse constraint",,,,,,,"characters which appear in this item (like plays, operas, operettas, books, comics, films, TV series, video games)"
http://www.wikidata.org/entity/P676,lyricist,"lyrics by, text author, text by, text poet, text writer, words by, writer (of song lyrics), author, songwriter",http://wikiba.se/ontology#WikibaseItem,"conflicts-with constraint, item-requires-statement constraint, subject type constraint, value-type constraint, value-requires-statement constraint, allowed-entity-types constraint, property scope constraint",,,,,,author,author of song lyrics
http://www.wikidata.org/entity/P706,located in/on physical feature,"loc (terr), located on island, located on landform, located on physical feature, located on terrain feature, located on the terrain feature, location (terrain feature), on geographical feature, on natural feature, situated on the island of, landform, geographical region, is on, takes place in, on, terrain feature, is in",http://wikiba.se/ontology#WikibaseItem,"subject type constraint, value-type constraint, property scope constraint, contemporary constraint, allowed-entity-types constraint",,,,,,"location, part of",located on the specified (geo)physical feature. Should not be used when the value is only political/administrative (P131) or a mountain range (P4552).
http://www.wikidata.org/entity/P710,participant,"attendee, belligerents, between, competitor, event participant, has participant, participants, player, suspect, agent, accused, party",http://wikiba.se/ontology#WikibaseItem,"value-type constraint, conflicts-with constraint, subject type constraint, allowed qualifiers constraint, contemporary constraint, allowed-entity-types constraint, property scope constraint, none-of constraint",,,,,,significant person,"person, group of people or organization (object) that actively takes/took part in an event or process (subject).  Preferably qualify with ""object has role"" (P3831). Use P1923 for participants that are teams."
http://www.wikidata.org/entity/P737,influenced by,"role model, inspired by, favorite player, has influence, informed by",http://wikiba.se/ontology#WikibaseItem,"allowed-entity-types constraint, property scope constraint, citation-needed constraint",,,,,,,"the subject (person, idea, etc.) was influenced or inspired by this object entity, e.g. ""Heidegger was influenced by Aristotle"""
http://www.wikidata.org/entity/P740,location of formation,"comes from, formation location, formed in, founded in, from, originates from, place of establishment, place of formation, place of foundation, place of incorporation, source location of group/organisation, place of origin, formation place, land of formation",http://wikiba.se/ontology#WikibaseItem,"contemporary constraint, subject type constraint, conflicts-with constraint, property scope constraint, allowed-entity-types constraint",,,,,,location of creation,location where a group or organization was formed
http://www.wikidata.org/entity/P749,parent organization,"holding company, holding, chapter of, has organizational parent, parent company, owned by (company or organisation), owned by (company or organization), parent agency, parent organisation, parent unit, part of, subsidiary of, superior formation, parent institution",http://wikiba.se/ontology#WikibaseItem,"inverse constraint, value-type constraint, subject type constraint, contemporary constraint, property scope constraint, allowed-entity-types constraint",,,,,,"owned by, part of","parent organization of an organization, opposite of subsidiaries (P355)"
http://www.wikidata.org/entity/P800,notable work,"work, artwork, bibliography, founder of, creator of, works, significance, founded, author of, books by, famous books, famous for, famous works, known for, literary works, major works, notable books, representative of artwork type, representative work, significant works, they created, they designed, they discovered, they invented, they wrote, writer of, wrote, main work",http://wikiba.se/ontology#WikibaseItem,"none-of constraint, allowed-entity-types constraint, property scope constraint, subject type constraint, value-type constraint",,,,,,,"notable scientific, artistic or literary work, or other work of significance among subject's works"
http://www.wikidata.org/entity/P807,separated from,"branched from, broke from, forked from, schism from, seceded from, spin off, split from, spun off, broke off from",http://wikiba.se/ontology#WikibaseItem,"allowed-entity-types constraint, value-type constraint, property scope constraint, subject type constraint",,,,,,,subject was founded or started by separating from identified object
http://www.wikidata.org/entity/P840,narrative location,"set in, setting, narrative set in, playing in, set in location, setting location, takes place in, location of narrative, place of setting, place set in, setting of work, setting place, work set in",http://wikiba.se/ontology#WikibaseItem,"conflicts-with constraint, allowed-entity-types constraint, property scope constraint, value-type constraint, subject type constraint",,,,,,"depicts, significant place",the narrative of the work is set in this location
http://www.wikidata.org/entity/P937,work location,"conducts business at, conducts business in, place of activity, place of employment, work area, work residence, did work at, did work from, does work at, does work from, worked from, working from, works from, stationed at, work site, worksite, location of work, place of work, work place, workplace, worked at, working at, works at, location, active in",http://wikiba.se/ontology#WikibaseItem,"contemporary constraint, value-type constraint, property scope constraint, subject type constraint, allowed-entity-types constraint",,,,,,"location, significant place","location where persons or organisations were actively participating in employment, business or other work"
